,medium,good,poor
n,0.2705414955370835,0.61098781621263,0.11847068825028644
