,good,medium,poor
n,0.9593647375962446,0.03288499791690032,0.0077502644868550135
